actual_attrition,attrition_probability,predicted_attrition,risk_level
0,0.0065,0,LOW
0,0.0,0,LOW
0,0.0355,0,LOW
0,0.0,0,LOW
1,0.4589,1,MEDIUM
0,0.0059,0,LOW
0,1e-04,0,LOW
0,0.0012,0,LOW
0,0.0,0,LOW
0,0.2786,0,LOW
0,0.0019,0,LOW
0,0.0193,0,LOW
0,0.0008,0,LOW
0,0.0061,0,LOW
0,0.9956,1,HIGH
0,0.8107,1,HIGH
0,0.0139,0,LOW
0,0.0,0,LOW
0,0.9785,1,HIGH
0,0.0,0,LOW
1,0.9968,1,HIGH
1,0.0008,0,LOW
0,0.0,0,LOW
0,0.0,0,LOW
0,0.0,0,LOW
0,0.99,1,HIGH
0,0.0038,0,LOW
1,0.0,0,LOW
0,0.0003,0,LOW
1,0.0,0,LOW
0,0.0,0,LOW
0,0.3492,0,LOW
0,0.0005,0,LOW
0,0.9501,1,HIGH
0,0.0011,0,LOW
1,0.9999,1,HIGH
0,0.0,0,LOW
0,0.0006,0,LOW
0,0.0003,0,LOW
1,1.0,1,HIGH
0,0.0,0,LOW
0,0.9167,1,HIGH
0,0.0,0,LOW
0,0.0008,0,LOW
0,0.0069,0,LOW
0,0.6605,1,MEDIUM
0,0.0333,0,LOW
0,0.2892,0,LOW
0,1e-04,0,LOW
0,1e-04,0,LOW
0,0.0424,0,LOW
0,1e-04,0,LOW
0,0.0006,0,LOW
0,0.0,0,LOW
0,0.0,0,LOW
0,0.0,0,LOW
0,0.0007,0,LOW
1,0.5595,1,MEDIUM
0,0.0025,0,LOW
0,0.0,0,LOW
0,0.0002,0,LOW
0,1e-04,0,LOW
0,0.0017,0,LOW
0,0.0,0,LOW
0,0.1834,0,LOW
0,0.0,0,LOW
0,0.0024,0,LOW
1,0.695,1,MEDIUM
0,1e-04,0,LOW
0,0.0,0,LOW
0,0.1741,0,LOW
0,0.0006,0,LOW
0,0.0,0,LOW
0,0.0057,0,LOW
0,0.0016,0,LOW
0,0.0,0,LOW
0,0.0,0,LOW
0,1e-04,0,LOW
0,0.0839,0,LOW
0,0.0,0,LOW
0,0.0176,0,LOW
1,0.9998,1,HIGH
1,0.0,0,LOW
0,0.0,0,LOW
0,0.0,0,LOW
0,0.0608,0,LOW
0,0.0,0,LOW
1,0.001,0,LOW
0,0.0,0,LOW
0,1e-04,0,LOW
0,0.0,0,LOW
0,1e-04,0,LOW
1,1.0,1,HIGH
0,0.7873,1,HIGH
0,0.3663,0,LOW
1,0.9502,1,HIGH
0,0.9998,1,HIGH
1,1e-04,0,LOW
0,0.0003,0,LOW
0,0.9965,1,HIGH
0,0.0,0,LOW
0,0.9536,1,HIGH
0,0.0,0,LOW
0,1e-04,0,LOW
0,0.9999,1,HIGH
0,0.0,0,LOW
0,0.001,0,LOW
0,0.0,0,LOW
1,0.001,0,LOW
0,1e-04,0,LOW
0,0.3315,0,LOW
0,0.0,0,LOW
0,0.0,0,LOW
0,0.085,0,LOW
0,1e-04,0,LOW
0,0.0002,0,LOW
0,1e-04,0,LOW
0,1e-04,0,LOW
0,0.0,0,LOW
0,1e-04,0,LOW
0,0.0022,0,LOW
0,0.0118,0,LOW
0,0.0,0,LOW
0,0.509,1,MEDIUM
0,0.6776,1,MEDIUM
0,0.1851,0,LOW
0,0.0355,0,LOW
1,0.9978,1,HIGH
0,0.0002,0,LOW
0,0.0,0,LOW
1,0.1493,0,LOW
0,0.0,0,LOW
1,0.0008,0,LOW
0,0.494,1,MEDIUM
0,0.0003,0,LOW
0,0.0751,0,LOW
0,0.9945,1,HIGH
0,0.0007,0,LOW
0,0.0004,0,LOW
0,0.0154,0,LOW
0,0.0,0,LOW
0,1e-04,0,LOW
0,0.2287,0,LOW
0,0.9971,1,HIGH
1,0.3787,1,LOW
0,0.0,0,LOW
0,0.2995,0,LOW
0,0.0005,0,LOW
0,0.0,0,LOW
0,0.0,0,LOW
0,1e-04,0,LOW
0,0.0,0,LOW
0,1e-04,0,LOW
0,1e-04,0,LOW
0,0.2472,0,LOW
1,1e-04,0,LOW
1,0.0076,0,LOW
0,0.0,0,LOW
1,0.4249,1,MEDIUM
0,0.0625,0,LOW
0,0.0,0,LOW
0,0.0,0,LOW
1,0.0027,0,LOW
0,0.0,0,LOW
1,0.0067,0,LOW
0,0.0,0,LOW
1,0.0948,0,LOW
0,0.0004,0,LOW
1,0.5038,1,MEDIUM
0,0.0,0,LOW
0,0.1118,0,LOW
0,1e-04,0,LOW
0,0.6969,1,MEDIUM
0,0.0633,0,LOW
1,0.001,0,LOW
0,0.0,0,LOW
1,0.9963,1,HIGH
0,0.0,0,LOW
1,0.0048,0,LOW
0,0.3146,0,LOW
0,0.0,0,LOW
0,0.0405,0,LOW
0,0.0,0,LOW
1,0.0945,0,LOW
0,0.0006,0,LOW
0,0.0,0,LOW
0,1e-04,0,LOW
0,1e-04,0,LOW
0,0.5383,1,MEDIUM
0,0.0418,0,LOW
1,0.0117,0,LOW
0,0.0,0,LOW
0,0.0028,0,LOW
0,0.0035,0,LOW
0,0.0,0,LOW
0,0.0003,0,LOW
1,0.0222,0,LOW
0,0.0003,0,LOW
0,0.0,0,LOW
0,0.8021,1,HIGH
1,1.0,1,HIGH
0,0.0,0,LOW
0,0.1057,0,LOW
0,0.0,0,LOW
0,0.0037,0,LOW
0,0.0,0,LOW
0,0.0,0,LOW
0,0.0004,0,LOW
0,0.0042,0,LOW
0,1e-04,0,LOW
0,1e-04,0,LOW
0,0.0013,0,LOW
0,0.0093,0,LOW
0,1e-04,0,LOW
1,1.0,1,HIGH
0,0.0034,0,LOW
0,0.0018,0,LOW
0,0.0003,0,LOW
0,0.0013,0,LOW
1,0.8312,1,HIGH
0,0.0,0,LOW
0,0.0036,0,LOW
1,0.0,0,LOW
0,1.0,1,HIGH
0,1e-04,0,LOW
0,0.0,0,LOW
0,0.011,0,LOW
0,0.017,0,LOW
0,0.0,0,LOW
0,0.0004,0,LOW
0,0.0002,0,LOW
0,1e-04,0,LOW
0,0.0,0,LOW
0,0.0023,0,LOW
0,0.0,0,LOW
0,0.0,0,LOW
0,0.0006,0,LOW
0,1e-04,0,LOW
1,0.0,0,LOW
0,0.0,0,LOW
1,0.0,0,LOW
0,0.108,0,LOW
0,1e-04,0,LOW
0,0.7736,1,HIGH
0,0.0008,0,LOW
0,0.0381,0,LOW
1,0.0005,0,LOW
0,0.0,0,LOW
0,0.0165,0,LOW
0,1e-04,0,LOW
1,0.9999,1,HIGH
1,0.3074,0,LOW
0,0.0,0,LOW
0,0.0543,0,LOW
0,0.0011,0,LOW
0,0.0003,0,LOW
1,0.9996,1,HIGH
0,0.0009,0,LOW
0,0.0003,0,LOW
0,0.0004,0,LOW
0,0.0,0,LOW
0,0.0002,0,LOW
0,0.001,0,LOW
0,0.0,0,LOW
0,0.0003,0,LOW
0,0.0007,0,LOW
0,0.0,0,LOW
0,0.0017,0,LOW
0,0.0,0,LOW
0,0.0,0,LOW
1,0.0009,0,LOW
0,1e-04,0,LOW
0,0.0,0,LOW
0,0.8187,1,HIGH
0,0.0,0,LOW
0,0.0383,0,LOW
1,1.0,1,HIGH
0,0.0115,0,LOW
0,0.8347,1,HIGH
0,0.0003,0,LOW
0,0.0192,0,LOW
0,0.0007,0,LOW
0,0.0039,0,LOW
0,0.0433,0,LOW
0,1e-04,0,LOW
0,1e-04,0,LOW
0,0.0,0,LOW
1,1.0,1,HIGH
0,0.0006,0,LOW
0,0.0,0,LOW
0,0.0,0,LOW
1,0.0003,0,LOW
0,0.0,0,LOW
0,0.0,0,LOW
